,Train_RMSE,Val_RMSE,Test_RMSE,Test_R2,Test_MAPE
Ridge,37912.690395243495,311633.66316510015,241812.06343540875,0.8722858562919933,2.5406747829858065
LinearRegression,4.214684851089403e-09,325332.7610917828,295800.7388880463,0.8088908068701689,3.1314558657724443
RandomForest,268832.4178525542,911141.006553668,535800.8501597437,0.37296776693838773,5.644010480095859
Lasso,1024194.9767563827,1856097.2224985294,971181.9150110078,-1.0600807452993433,9.08286871005008
